{"cameraMode":{"drawMode":0,"name":"Shaded","section":"Shading Mode"},"sceneLighting":true,"audioPlay":false,"sceneViewState":{"showFog":true,"showMaterialUpdate":false,"showSkybox":true,"showFlares":true,"showImageEffects":true,"showParticleSystems":true,"showVisualEffectGraphs":true,"m_FxEnabled":true},"in2DMode":false,"pivot":{"x":-0.22452324628829957,"y":1.0526292324066163,"z":14.591609954833985},"rotation":{"x":0.006309714168310165,"y":-0.007505179848521948,"z":0.00004669121699407697,"w":0.9999657869338989},"size":15.260157585144043,"orthographic":false}